{
  "width": 252,
  "height": 356,
  "cx": [
    [ "ORDER", 64 ],
    [ "MAKES", 194 ],
    [ "CONTAINS", 64 ],
    [ "USER", 194 ],
    [ "ARTICLE", 64 ],
    [ "COMMENTS", 194 ]
  ],
  "cy": [
    [ "ORDER", 43 ],
    [ "MAKES", 43 ],
    [ "CONTAINS", 153 ],
    [ "USER", 153 ],
    [ "ARTICLE", 288 ],
    [ "COMMENTS", 288 ]
  ],
  "shift": [
    [ "MAKES,USER,0", 0 ],
    [ "MAKES,ORDER,0", 0 ],
    [ "CONTAINS,ARTICLE,0", 0 ],
    [ "CONTAINS,ORDER,0", 0 ],
    [ "COMMENTS,USER,0", 0 ],
    [ "COMMENTS,ARTICLE,0", 0 ]
  ],
  "ratio": []
}